Filename,Energy,Pitch Min,Pitch Max,Pitch Mean,Pitch Std Dev,Intensity Min,Intensity Max,Intensity Mean,Jitter,Shimmer,Speech Rate,Max Pause,Avg Pause,Total Pause Duration,Result
../MIT_INTERVIEW_DATASET/Audio/P1.wav,0.013453422,152.37782,3995.055,1068.2526,886.8599,0.0011780317,0.08562931,0.013453422,886.8599,0.0110623995,5.2235623781676415,3.4240000000000066,0.19109727626459144,196.448,pass
../MIT_INTERVIEW_DATASET/Audio/P3.wav,0.013534176,152.34901,3995.9893,1031.3015,921.6656,0.0013378455,0.12311527,0.013534176,921.6656,0.012387658,4.810126582278481,6.495999999999981,0.2079368143922773,473.888,pass
../MIT_INTERVIEW_DATASET/Audio/P4.wav,0.008803013,152.34793,3996.037,1040.6165,909.6504,0.0010242021,0.06355297,0.008803013,909.6504,0.006672987,5.5591044594512375,5.1200000000000045,0.17990965092402464,262.848,pass
